first_name,last_name,iban,address
Urson,Pilipyak,ME12 6259 0474 5685 4967 07,8 Debs Way
Ode,McCheyne,AD69 9447 6467 XIU1 1QVR INWQ,027 Annamark Road
Humberto,Farriar,MK98 099I KWLP AZ84 O73,341 Derek Trail
Aindrea,Scoffham,GL87 8483 6119 0906 15,82117 Acker Trail
Evey,Dabinett,LB26 6319 P006 9WLJ VDSB SWAM YYLN,81 Elgar Point
Judith,Mates,CY09 9373 8296 MC6Z RMJB IATL 4T7Q,8 Clyde Gallagher Avenue
Averill,Gorry,MU75 MXTV 8309 1087 1801 0548 095M HJ,09619 Norway Maple Trail
Delbert,Hachard,FO57 2827 3327 4049 80,908 Stoughton Crossing
Gianna,Loughton,NO81 1435 9998 086,45 Oak Valley Park
Glendon,Dumbellow,PL32 1753 5050 1981 5445 2656 8175,6457 Sage Park
Dick,Behnecken,LU25 713Z NIUH 0FYV UX1C,916 Westend Way
Bronnie,Spincks,BR23 4321 2214 0477 4062 0766 158Z V,77 Westport Road
Belinda,Prescot,DO70 GULK 4156 2756 0135 2256 2936,077 Melrose Lane
Henriette,Dreye,PK44 YKZL L8NH 4ATT HPLK YEO7,22501 Northwestern Park
Griffy,Guillotin,LT73 6727 9307 8962 7328,91201 Summerview Court
Alexine,Donohoe,FO12 2951 5199 4915 66,449 Granby Way
Sigfried,Millhill,SE02 3180 3530 5670 7771 2069,621 Lakewood Point
Nickey,Chaudhry,SE53 5776 0334 1608 5401 6971,9910 Westerfield Avenue
Bertine,Kyncl,AT37 6137 3847 9054 3935,2 Calypso Lane
Jonah,Pantry,FR92 5323 2352 47QP 5SDT XLUW 597,698 Weeping Birch Alley
Angeli,Thorogood,DE23 7549 1612 5152 4516 64,81 Maywood Circle
Wilhelm,Oldis,FR53 3176 4273 59PY SZO7 WBJY I25,5458 Columbus Way
Dena,Strutton,FI16 3108 8910 2509 41,9477 Amoth Park
Cheston,Trunby,AL28 1456 7146 WCHE 8MNO LWB8 DMZA,29 Ramsey Road
Dorotea,McArtan,DO89 LAJ1 3275 1373 0676 2122 7110,260 Service Crossing
Cordula,Andres,DK80 3867 7750 8552 34,6136 Ridgeview Alley
Gualterio,Mouncey,FO06 7703 8269 9630 91,062 Hanson Circle
Braden,Macken,CY51 1104 5955 RGLF JJA2 1KP0 FZKN,7013 Melrose Point
Nial,Ibarra,TR08 7804 9MBP NJON QWUV GVJD OS,29 Charing Cross Hill
Estella,Diffley,AL45 3060 1299 ARRC IYC4 BRV9 FY5D,0302 Prairieview Drive
Sonnie,Obispo,GE52 AP81 9308 4849 9990 91,032 Hooker Center
Wendie,Spendlove,CZ27 4990 0506 0416 1382 7540,4696 Kingsford Drive
Malynda,Bernot,FR98 6060 5673 062O SR5S ULBJ C12,908 Green Ridge Park
Madelaine,Rowan,MK06 196H PUMT 7DBT U47,9184 Buell Pass
Donovan,Whitlam,SA05 840X 0YHH LLXP ZTCA MBSD,97018 Sunbrook Court
Saleem,Senussi,LV17 PLOS KSEY T1AT JCNK S,72 Morningstar Lane
Frederick,Colvie,FO80 6381 9508 2245 53,0 Corben Alley
Brook,Galler,PS46 YKTP V5XK PHXJ BJWI R7OV OQSF T,643 Longview Circle
Tully,Emmer,FR82 9072 6272 96ET BXCL 05AB I22,79 Cody Point
Obadias,Massy,MC78 1010 1414 47X6 GBZ0 TPPM A02,866 Mcbride Street
Farrand,Corsar,FR48 9203 5262 84CJ 2OR1 KCDH M41,80 Stuart Plaza
Vania,Frances,AT60 2261 6615 2501 7937,0 Fremont Center
Gallard,Carles,FR54 6394 9499 03ZY COVC GFHL N90,91 Hoepker Alley
Jarrod,Bagshawe,TN61 8816 6986 1922 0796 3958,50 Ilene Crossing
Linus,Sawle,MT26 XQMK 2678 34ET TM4K 7MHT EMEN WOR,2 Stuart Center
Lia,Morrice,LT65 8105 2921 7907 4001,31 Myrtle Road
Fitzgerald,Ramelet,PT75 1210 6795 2570 4018 6884 2,58793 Cordelia Crossing
Vic,Hutchinges,NL49 MZBF 5867 4285 92,9914 Mcbride Drive
Humbert,Addy,PS65 GVPH SZJQ OBDQ CO0O NDOQ 1LZZ U,6 Amoth Lane
Anitra,Sillett,GL60 4162 0794 4381 66,80023 Larry Park
